doc_id,company,ticker,report_date,accession,fields_found,complete
0000066740_0001558370-20-000581,3M Company,MMM,2019-12-31,0001558370-20-000581,8,False
0000066740_0001558370-21-000737,3M Company,MMM,2020-12-31,0001558370-21-000737,8,False
0000066740_0000066740-22-000010,3M Company,MMM,2021-12-31,0000066740-22-000010,8,False
0000066740_0000066740-23-000014,3M Company,MMM,2022-12-31,0000066740-23-000014,8,False
0000066740_0000066740-24-000016,3M Company,MMM,2023-12-31,0000066740-24-000016,9,True
0000066740_0000066740-25-000006,3M Company,MMM,2024-12-31,0000066740-25-000006,9,True
0001652044_0001652044-20-000008,Alphabet Inc.,GOOGL,2019-12-31,0001652044-20-000008,9,True
0001652044_0001652044-21-000010,Alphabet Inc.,GOOGL,2020-12-31,0001652044-21-000010,9,True
0001652044_0001652044-22-000019,Alphabet Inc.,GOOGL,2021-12-31,0001652044-22-000019,9,True
0001652044_0001652044-23-000016,Alphabet Inc.,GOOGL,2022-12-31,0001652044-23-000016,9,True
0001652044_0001652044-24-000022,Alphabet Inc.,GOOGL,2023-12-31,0001652044-24-000022,9,True
0001652044_0001652044-25-000014,Alphabet Inc.,GOOGL,2024-12-31,0001652044-25-000014,9,True
0001018724_0001018724-20-000004,"Amazon.com, Inc.",AMZN,2019-12-31,0001018724-20-000004,8,False
0001018724_0001018724-21-000004,"Amazon.com, Inc.",AMZN,2020-12-31,0001018724-21-000004,8,False
0001018724_0001018724-22-000005,"Amazon.com, Inc.",AMZN,2021-12-31,0001018724-22-000005,8,False
0001018724_0001018724-23-000004,"Amazon.com, Inc.",AMZN,2022-12-31,0001018724-23-000004,8,False
0001018724_0001018724-24-000008,"Amazon.com, Inc.",AMZN,2023-12-31,0001018724-24-000008,8,False
0001018724_0001018724-25-000004,"Amazon.com, Inc.",AMZN,2024-12-31,0001018724-25-000004,8,False
0000320193_0000320193-19-000119,Apple Inc.,AAPL,2019-09-28,0000320193-19-000119,9,True
0000320193_0000320193-20-000096,Apple Inc.,AAPL,2020-09-26,0000320193-20-000096,9,True
0000320193_0000320193-21-000105,Apple Inc.,AAPL,2021-09-25,0000320193-21-000105,9,True
0000320193_0000320193-22-000108,Apple Inc.,AAPL,2022-09-24,0000320193-22-000108,9,True
0000320193_0000320193-23-000106,Apple Inc.,AAPL,2023-09-30,0000320193-23-000106,9,True
0000320193_0000320193-24-000123,Apple Inc.,AAPL,2024-09-28,0000320193-24-000123,9,True
0000018230_0000018230-20-000056,Caterpillar Inc.,CAT,2019-12-31,0000018230-20-000056,9,True
0000018230_0000018230-21-000063,Caterpillar Inc.,CAT,2020-12-31,0000018230-21-000063,9,True
0000018230_0000018230-22-000050,Caterpillar Inc.,CAT,2021-12-31,0000018230-22-000050,9,True
0000018230_0000018230-23-000011,Caterpillar Inc.,CAT,2022-12-31,0000018230-23-000011,9,True
0000018230_0000018230-24-000009,Caterpillar Inc.,CAT,2023-12-31,0000018230-24-000009,9,True
0000018230_0000018230-25-000008,Caterpillar Inc.,CAT,2024-12-31,0000018230-25-000008,9,True
0000858877_0000858877-19-000012,"Cisco Systems, Inc.",CSCO,2019-07-27,0000858877-19-000012,9,True
0000858877_0000858877-20-000010,"Cisco Systems, Inc.",CSCO,2020-07-25,0000858877-20-000010,9,True
0000858877_0000858877-21-000013,"Cisco Systems, Inc.",CSCO,2021-07-31,0000858877-21-000013,9,True
0000858877_0000858877-22-000013,"Cisco Systems, Inc.",CSCO,2022-07-30,0000858877-22-000013,9,True
0000858877_0000858877-23-000023,"Cisco Systems, Inc.",CSCO,2023-07-29,0000858877-23-000023,9,True
0000858877_0000858877-24-000017,"Cisco Systems, Inc.",CSCO,2024-07-27,0000858877-24-000017,9,True
0000909832_0000909832-19-000019,Costco Wholesale Corporation,COST,2019-09-01,0000909832-19-000019,9,True
0000909832_0000909832-20-000017,Costco Wholesale Corporation,COST,2020-08-30,0000909832-20-000017,9,True
0000909832_0000909832-21-000014,Costco Wholesale Corporation,COST,2021-08-29,0000909832-21-000014,9,True
0000909832_0000909832-22-000021,Costco Wholesale Corporation,COST,2022-08-28,0000909832-22-000021,9,True
0000909832_0000909832-23-000042,Costco Wholesale Corporation,COST,2023-09-03,0000909832-23-000042,9,True
0000909832_0000909832-24-000049,Costco Wholesale Corporation,COST,2024-09-01,0000909832-24-000049,9,True
0000050863_0000050863-20-000011,Intel Corporation,INTC,2019-12-28,0000050863-20-000011,8,False
0000050863_0000050863-21-000010,Intel Corporation,INTC,2020-12-26,0000050863-21-000010,8,False
0000050863_0000050863-22-000007,Intel Corporation,INTC,2021-12-25,0000050863-22-000007,8,False
0000050863_0000050863-23-000006,Intel Corporation,INTC,2022-12-31,0000050863-23-000006,8,False
0000050863_0000050863-24-000010,Intel Corporation,INTC,2023-12-30,0000050863-24-000010,8,False
0000050863_0000050863-25-000009,Intel Corporation,INTC,2024-12-28,0000050863-25-000009,8,False
0000200406_0000200406-20-000010,Johnson & Johnson,JNJ,2019-12-29,0000200406-20-000010,8,False
0000200406_0000200406-21-000008,Johnson & Johnson,JNJ,2021-01-03,0000200406-21-000008,8,False
0000200406_0000200406-22-000022,Johnson & Johnson,JNJ,2022-01-02,0000200406-22-000022,8,False
0000200406_0000200406-23-000016,Johnson & Johnson,JNJ,2023-01-01,0000200406-23-000016,8,False
0000200406_0000200406-24-000013,Johnson & Johnson,JNJ,2023-12-31,0000200406-24-000013,8,False
0000200406_0000200406-25-000038,Johnson & Johnson,JNJ,2024-12-29,0000200406-25-000038,8,False
0000310158_0000310158-20-000005,"Merck & Co., Inc.",MRK,2019-12-31,0000310158-20-000005,7,False
0000310158_0000310158-21-000004,"Merck & Co., Inc.",MRK,2020-12-31,0000310158-21-000004,7,False
0000310158_0000310158-22-000003,"Merck & Co., Inc.",MRK,2021-12-31,0000310158-22-000003,7,False
0000310158_0001628280-23-005061,"Merck & Co., Inc.",MRK,2022-12-31,0001628280-23-005061,7,False
0000310158_0001628280-24-006850,"Merck & Co., Inc.",MRK,2023-12-31,0001628280-24-006850,7,False
0000310158_0001628280-25-007732,"Merck & Co., Inc.",MRK,2024-12-31,0001628280-25-007732,7,False
0001326801_0001326801-20-000013,"Meta Platforms, Inc.",META,2019-12-31,0001326801-20-000013,9,True
0001326801_0001326801-21-000014,"Meta Platforms, Inc.",META,2020-12-31,0001326801-21-000014,9,True
0001326801_0001326801-22-000018,"Meta Platforms, Inc.",META,2021-12-31,0001326801-22-000018,9,True
0001326801_0001326801-23-000013,"Meta Platforms, Inc.",META,2022-12-31,0001326801-23-000013,9,True
0001326801_0001326801-24-000012,"Meta Platforms, Inc.",META,2023-12-31,0001326801-24-000012,9,True
0001326801_0001326801-25-000017,"Meta Platforms, Inc.",META,2024-12-31,0001326801-25-000017,9,True
0000789019_0001564590-19-027952,Microsoft Corporation,MSFT,2019-06-30,0001564590-19-027952,9,True
0000789019_0001564590-20-034944,Microsoft Corporation,MSFT,2020-06-30,0001564590-20-034944,9,True
0000789019_0001564590-21-039151,Microsoft Corporation,MSFT,2021-06-30,0001564590-21-039151,9,True
0000789019_0001564590-22-026876,Microsoft Corporation,MSFT,2022-06-30,0001564590-22-026876,9,True
0000789019_0000950170-23-035122,Microsoft Corporation,MSFT,2023-06-30,0000950170-23-035122,9,True
0000789019_0000950170-24-087843,Microsoft Corporation,MSFT,2024-06-30,0000950170-24-087843,9,True
0001045810_0001045810-19-000023,NVIDIA Corporation,NVDA,2019-01-27,0001045810-19-000023,9,True
0001045810_0001045810-20-000010,NVIDIA Corporation,NVDA,2020-01-26,0001045810-20-000010,9,True
0001045810_0001045810-21-000010,NVIDIA Corporation,NVDA,2021-01-31,0001045810-21-000010,9,True
0001045810_0001045810-22-000036,NVIDIA Corporation,NVDA,2022-01-30,0001045810-22-000036,9,True
0001045810_0001045810-23-000017,NVIDIA Corporation,NVDA,2023-01-29,0001045810-23-000017,9,True
0001045810_0001045810-24-000029,NVIDIA Corporation,NVDA,2024-01-28,0001045810-24-000029,9,True
0001341439_0001564590-19-023119,Oracle Corporation,ORCL,2019-05-31,0001564590-19-023119,8,False
0001341439_0001564590-20-030125,Oracle Corporation,ORCL,2020-05-31,0001564590-20-030125,8,False
0001341439_0001564590-21-033616,Oracle Corporation,ORCL,2021-05-31,0001564590-21-033616,8,False
0001341439_0001564590-22-023675,Oracle Corporation,ORCL,2022-05-31,0001564590-22-023675,8,False
0001341439_0000950170-23-028914,Oracle Corporation,ORCL,2023-05-31,0000950170-23-028914,8,False
0001341439_0000950170-24-075605,Oracle Corporation,ORCL,2024-05-31,0000950170-24-075605,8,False
0000077476_0000077476-20-000015,"PepsiCo, Inc.",PEP,2019-12-28,0000077476-20-000015,9,True
0000077476_0000077476-21-000007,"PepsiCo, Inc.",PEP,2020-12-26,0000077476-21-000007,9,True
0000077476_0000077476-22-000010,"PepsiCo, Inc.",PEP,2021-12-25,0000077476-22-000010,9,True
0000077476_0000077476-23-000007,"PepsiCo, Inc.",PEP,2022-12-31,0000077476-23-000007,9,True
0000077476_0000077476-24-000008,"PepsiCo, Inc.",PEP,2023-12-30,0000077476-24-000008,9,True
0000077476_0000077476-25-000007,"PepsiCo, Inc.",PEP,2024-12-28,0000077476-25-000007,9,True
0000078003_0000078003-20-000014,Pfizer Inc.,PFE,2019-12-31,0000078003-20-000014,8,False
0000078003_0000078003-21-000038,Pfizer Inc.,PFE,2020-12-31,0000078003-21-000038,8,False
0000078003_0000078003-22-000027,Pfizer Inc.,PFE,2021-12-31,0000078003-22-000027,8,False
0000078003_0000078003-23-000024,Pfizer Inc.,PFE,2022-12-31,0000078003-23-000024,8,False
0000078003_0000078003-24-000039,Pfizer Inc.,PFE,2023-12-31,0000078003-24-000039,8,False
0000078003_0000078003-25-000054,Pfizer Inc.,PFE,2024-12-31,0000078003-25-000054,8,False
0001318605_0001564590-20-004475,"Tesla, Inc.",TSLA,2019-12-31,0001564590-20-004475,9,True
0001318605_0001564590-21-004599,"Tesla, Inc.",TSLA,2020-12-31,0001564590-21-004599,9,True
0001318605_0000950170-22-000796,"Tesla, Inc.",TSLA,2021-12-31,0000950170-22-000796,9,True
0001318605_0000950170-23-001409,"Tesla, Inc.",TSLA,2022-12-31,0000950170-23-001409,9,True
0001318605_0001628280-24-002390,"Tesla, Inc.",TSLA,2023-12-31,0001628280-24-002390,9,True
0001318605_0001628280-25-003063,"Tesla, Inc.",TSLA,2024-12-31,0001628280-25-003063,9,True
0000012927_0000012927-20-000014,The Boeing Company,BA,2019-12-31,0000012927-20-000014,8,False
0000012927_0000012927-21-000011,The Boeing Company,BA,2020-12-31,0000012927-21-000011,9,True
0000012927_0000012927-22-000010,The Boeing Company,BA,2021-12-31,0000012927-22-000010,9,True
0000012927_0000012927-23-000007,The Boeing Company,BA,2022-12-31,0000012927-23-000007,9,True
0000012927_0000012927-24-000010,The Boeing Company,BA,2023-12-31,0000012927-24-000010,9,True
0000012927_0000012927-25-000015,The Boeing Company,BA,2024-12-31,0000012927-25-000015,9,True
0000021344_0000021344-20-000006,The Coca-Cola Company,KO,2019-12-31,0000021344-20-000006,8,False
0000021344_0000021344-21-000008,The Coca-Cola Company,KO,2020-12-31,0000021344-21-000008,8,False
0000021344_0000021344-22-000009,The Coca-Cola Company,KO,2021-12-31,0000021344-22-000009,8,False
0000021344_0000021344-23-000011,The Coca-Cola Company,KO,2022-12-31,0000021344-23-000011,8,False
0000021344_0000021344-24-000009,The Coca-Cola Company,KO,2023-12-31,0000021344-24-000009,8,False
0000021344_0000021344-25-000011,The Coca-Cola Company,KO,2024-12-31,0000021344-25-000011,8,False
0000354950_0000354950-19-000010,"The Home Depot, Inc.",HD,2019-02-03,0000354950-19-000010,9,True
0000354950_0000354950-20-000015,"The Home Depot, Inc.",HD,2020-02-02,0000354950-20-000015,9,True
0000354950_0000354950-21-000089,"The Home Depot, Inc.",HD,2021-01-31,0000354950-21-000089,9,True
0000354950_0000354950-22-000070,"The Home Depot, Inc.",HD,2022-01-30,0000354950-22-000070,9,True
0000354950_0000354950-23-000059,"The Home Depot, Inc.",HD,2023-01-29,0000354950-23-000059,9,True
0000354950_0000354950-24-000062,"The Home Depot, Inc.",HD,2024-01-28,0000354950-24-000062,9,True
0000080424_0000080424-19-000050,The Procter & Gamble Company,PG,2019-06-30,0000080424-19-000050,9,True
0000080424_0000080424-20-000053,The Procter & Gamble Company,PG,2020-06-30,0000080424-20-000053,9,True
0000080424_0000080424-21-000100,The Procter & Gamble Company,PG,2021-06-30,0000080424-21-000100,9,True
0000080424_0000080424-22-000064,The Procter & Gamble Company,PG,2022-06-30,0000080424-22-000064,9,True
0000080424_0000080424-23-000073,The Procter & Gamble Company,PG,2023-06-30,0000080424-23-000073,9,True
0000080424_0000080424-24-000083,The Procter & Gamble Company,PG,2024-06-30,0000080424-24-000083,9,True
0001744489_0001744489-19-000225,The Walt Disney Company,DIS,2019-09-28,0001744489-19-000225,8,False
0001744489_0001744489-20-000197,The Walt Disney Company,DIS,2020-10-03,0001744489-20-000197,8,False
0001744489_0001744489-21-000220,The Walt Disney Company,DIS,2021-10-02,0001744489-21-000220,8,False
0001744489_0001744489-22-000213,The Walt Disney Company,DIS,2022-10-01,0001744489-22-000213,8,False
0001744489_0001744489-23-000216,The Walt Disney Company,DIS,2023-09-30,0001744489-23-000216,8,False
0001744489_0001744489-24-000276,The Walt Disney Company,DIS,2024-09-28,0001744489-24-000276,8,False
0000732712_0000732712-20-000014,Verizon Communications Inc.,VZ,2019-12-31,0000732712-20-000014,8,False
0000732712_0000732712-21-000012,Verizon Communications Inc.,VZ,2020-12-31,0000732712-21-000012,8,False
0000732712_0000732712-22-000008,Verizon Communications Inc.,VZ,2021-12-31,0000732712-22-000008,8,False
0000732712_0000732712-23-000012,Verizon Communications Inc.,VZ,2022-12-31,0000732712-23-000012,8,False
0000732712_0000732712-24-000010,Verizon Communications Inc.,VZ,2023-12-31,0000732712-24-000010,8,False
0000732712_0000732712-25-000006,Verizon Communications Inc.,VZ,2024-12-31,0000732712-25-000006,8,False
0000104169_0000104169-19-000016,Walmart Inc.,WMT,2019-01-31,0000104169-19-000016,8,False
0000104169_0000104169-20-000011,Walmart Inc.,WMT,2020-01-31,0000104169-20-000011,8,False
0000104169_0000104169-21-000033,Walmart Inc.,WMT,2021-01-31,0000104169-21-000033,8,False
0000104169_0000104169-22-000012,Walmart Inc.,WMT,2022-01-31,0000104169-22-000012,8,False
0000104169_0000104169-23-000020,Walmart Inc.,WMT,2023-01-31,0000104169-23-000020,8,False
0000104169_0000104169-24-000056,Walmart Inc.,WMT,2024-01-31,0000104169-24-000056,8,False
